{
    "meta": {
        "id": 0,
        "title": "腾讯产品经理岗三轮面试全记录与深度复盘",
        "description": "万字长文解析腾讯产品岗面试全流程，含独家面试真题解析、岗位能力模型拆解及实战避坑指南",
        "author": "李晓明",
        "level": "Lv.12",
        "category": "面试经验",
        "avatar": "../images/avatar1.jpg",
        "postTime": "2小时前",
        "views": 1200,
        "likes": 238,
        "comments": 56,
        "tags": [
            "产品经理",
            "大厂面经",
            "求职攻略"
        ]
    },
    "content": [
        {
            "type": "header",
            "title": "📌 面试流程全景透视",
            "text": "历时27天的完整面试周期包含六大关键阶段：\n1. 简历初筛（3工作日）\n2. 专业笔试（产品设计案例分析）\n3. 业务初面（1.5小时深度追问）\n4. 总监交叉面（压力测试+商业推演）\n5. GM终面（战略匹配度评估）\n6. HR谈薪（薪酬体系详解）"
        },
        {
            "type": "list",
            "items": [
                "初面核心考点：用户需求洞察方法论（需现场拆解微信红包设计逻辑）",
                "交叉面特殊环节：突发需求响应测试（模拟凌晨12点需求变更场景）",
                "终面隐藏考核：绘制个人3年职业发展路线图（需匹配腾讯全真互联战略）"
            ]
        },
        {
            "type": "quote",
            "text": "关键发现：群面中面试官更关注思维框架而非具体方案，现场拆解抖音「青少年模式」迭代时，展现PMF（Product-Market Fit）分析框架者通过率提升60%"
        },
        {
            "type": "image",
            "src": "../images/interview-process.jpg",
            "alt": "腾讯产品岗面试全流程脑图",
            "caption": "含各环节通过率数据及平均准备时长参考"
        }
    ],
    "comments": [
        {
            "author": "王同学",
            "avatar": "../images/comment-avatar1.jpg",
            "level": "Lv.5",
            "time": "30分钟前",
            "text": "请问产品sense具体要如何系统化培养？是否有推荐书单/训练营？目前在准备秋招，感觉竞品分析总是流于表面...",
            "likes": 12,
            "replies": [
                {
                    "author": "李晓明",
                    "text": "建议从三个维度突破：\n1. 每日体验Top100应用迭代日志（推荐App Annie）\n2. 参与我们的「产品拆解21天训练营」\n3. 掌握JTBD（Jobs to be Done）需求分析框架\n附学习资料包：🔗 [腾讯文档] 产品经理成长图谱",
                    "time": "5分钟前"
                }
            ]
        }
    ]
}